public_access,encryption_enabled,logging_enabled,mfa_enabled,internet_exposed,iam_privilege,resource_criticality,resource_age_days,change_frequency,priority
True,True,True,True,False,1,5,90,37,2
False,True,True,True,False,1,4,719,34,1
False,True,True,False,True,2,4,349,17,3
True,True,False,True,False,0,2,271,2,2
False,True,False,True,False,2,3,883,23,2
True,False,True,True,False,0,2,104,24,2
False,True,False,True,False,1,4,700,41,2
True,True,True,False,True,0,5,656,44,3
True,True,False,False,True,0,2,275,4,3
True,False,True,False,True,1,5,659,29,3
True,True,True,True,False,1,5,409,23,3
True,False,True,True,False,2,2,164,50,3
False,True,True,True,False,0,3,966,0,0
True,True,True,True,False,0,3,465,0,2
False,False,False,True,True,1,4,520,38,3
True,True,False,True,False,1,1,332,31,2
True,True,True,False,False,0,2,581,5,2
True,False,False,False,False,0,4,970,35,3
True,True,False,True,True,1,4,206,45,3
False,True,True,True,False,1,2,66,21,0
True,True,True,True,True,1,2,928,2,2
False,True,True,False,True,0,5,585,36,2
False,True,True,True,True,1,3,421,29,2
True,True,False,True,False,0,5,255,12,3
True,True,True,True,False,2,1,828,35,2
True,True,False,False,False,3,4,171,26,3
False,True,False,False,True,0,3,949,50,2
False,True,True,False,False,1,3,195,18,1
True,False,True,True,False,0,3,515,33,3
True,True,True,False,True,0,5,414,7,3
True,True,True,True,False,1,2,268,13,2
False,True,True,False,False,0,4,75,0,1
False,True,True,True,False,1,1,358,4,0
True,True,True,False,False,1,5,670,33,3
True,True,True,False,True,2,2,912,6,3
True,True,True,False,True,1,2,501,16,3
True,True,True,True,True,2,3,269,10,3
False,True,True,True,True,2,5,559,2,3
False,True,True,True,False,2,4,882,2,2
False,True,True,True,False,2,3,636,47,1
True,False,True,True,False,0,3,184,47,2
False,False,True,False,False,0,2,719,6,2
False,False,False,True,False,1,2,815,14,2
True,True,True,True,False,3,2,657,32,3
False,True,False,True,True,2,2,595,16,2
True,True,True,False,False,1,3,395,36,3
True,True,True,True,False,1,4,760,47,2
True,True,True,False,False,0,4,738,19,3
False,True,True,False,False,0,4,389,43,1
True,True,True,True,True,0,3,594,38,3
False,True,True,True,False,3,4,174,42,2
True,True,True,True,True,3,2,318,14,3
True,True,True,False,False,2,3,908,40,3
True,False,True,True,True,1,5,882,49,3
True,False,True,False,False,1,3,940,7,3
False,True,True,True,False,0,4,454,39,0
False,False,True,False,False,1,2,254,40,2
False,False,True,True,False,0,2,279,21,1
False,False,True,True,False,0,2,425,26,1
False,True,True,True,False,3,3,713,1,2
False,True,False,True,False,2,4,552,47,2
True,True,True,True,False,1,4,742,10,2
False,False,False,True,False,1,4,86,41,2
False,True,True,True,False,0,2,780,24,0
False,False,False,True,True,0,3,975,22,3
True,True,False,False,False,3,2,21,39,3
True,True,True,True,False,1,2,378,10,2
True,False,True,True,False,3,3,930,24,3
False,False,True,True,False,0,4,309,43,1
True,False,True,True,False,1,1,664,21,2
True,False,False,True,False,1,4,725,9,3
False,True,True,False,False,3,4,477,27,3
False,True,True,False,False,1,4,584,39,2
False,True,True,True,False,0,2,287,38,0
False,True,True,True,True,1,3,247,44,1
False,True,True,False,True,0,4,314,42,2
False,True,True,True,False,0,4,278,19,0
False,True,True,True,False,3,4,197,13,2
False,True,True,False,False,3,4,304,14,3
False,True,True,True,False,3,3,715,8,2
False,True,True,True,False,0,5,259,30,0
True,False,True,True,False,0,1,577,19,2
True,False,True,False,False,2,2,536,24,3
False,False,True,True,False,1,1,984,47,1
True,False,True,True,False,0,2,77,10,2
True,True,True,True,True,0,2,881,29,2
True,True,False,False,False,1,5,436,7,3
True,True,False,False,True,0,2,767,36,3
False,True,True,True,False,0,3,449,5,0
True,False,True,True,True,0,4,882,36,3
True,False,True,True,True,2,3,668,28,3
False,True,True,True,False,0,2,342,20,0
True,False,True,False,False,3,4,564,2,3
False,True,True,True,False,2,4,2,42,1
False,True,True,True,False,1,4,209,17,1
True,False,True,False,True,3,3,246,45,3
True,True,True,True,True,2,1,970,7,2
True,True,True,True,False,2,5,250,29,3
True,True,False,True,False,2,2,809,26,3
False,False,True,False,False,0,3,676,31,2
True,True,True,True,False,0,5,891,12,2
True,True,True,False,True,2,4,831,24,3
False,False,False,False,True,3,1,989,37,3
False,False,False,True,False,1,4,420,41,2
True,True,False,True,False,0,1,337,43,1
False,False,True,False,False,1,3,241,40,2
False,False,True,True,True,1,5,455,10,3
False,False,True,False,False,0,1,544,26,1
True,True,True,False,False,0,5,147,14,3
False,True,True,False,False,1,2,560,10,1
True,True,True,True,False,1,2,866,19,2
True,False,False,True,False,0,2,717,18,3
True,False,True,True,False,1,4,51,38,3
False,False,False,False,True,2,2,195,39,3
False,True,True,False,False,1,5,662,2,2
False,False,True,True,True,3,2,426,11,3
True,True,True,False,False,3,4,264,30,3
False,False,True,True,False,0,5,881,43,2
False,False,False,True,False,0,3,466,23,2
False,True,False,False,True,0,1,906,35,2
False,False,True,True,False,3,2,419,7,2
True,True,True,False,True,0,3,398,29,3
False,True,True,False,False,2,2,425,41,2
True,False,True,False,False,1,2,456,15,3
False,True,True,True,False,0,3,195,7,0
False,True,True,True,False,0,2,129,50,0
True,True,False,True,True,2,2,152,50,3
True,True,False,False,False,2,1,888,1,3
True,True,False,True,False,0,1,760,26,2
True,False,True,False,False,0,3,969,39,3
True,False,False,False,False,1,1,491,25,3
False,True,True,False,True,0,3,68,8,1
False,True,True,False,False,1,2,518,38,1
False,True,True,False,False,2,4,221,27,2
False,False,True,False,False,2,2,321,42,2
False,True,True,False,True,2,1,99,47,2
False,False,True,True,False,0,1,363,42,1
False,False,True,False,False,0,3,218,9,2
False,True,True,False,False,2,3,827,27,2
True,True,True,False,True,0,4,944,21,3
False,True,False,True,False,0,3,32,5,0
True,True,True,True,False,0,5,611,5,2
True,True,False,True,True,1,3,622,28,3
False,True,False,True,False,0,4,499,33,1
False,True,True,True,True,0,2,141,48,0
False,True,True,True,False,0,3,236,32,0
False,True,False,True,True,3,5,590,27,3
False,False,True,True,True,0,4,633,29,2
False,True,False,True,False,1,3,318,47,1
False,True,False,True,False,1,2,795,22,1
False,False,False,False,True,0,2,617,9,3
True,True,False,True,False,2,3,947,36,3
False,False,True,True,True,1,2,282,37,2
True,True,True,True,True,0,2,661,5,2
False,True,True,False,False,1,4,668,12,2
False,True,True,False,False,2,4,732,5,2
True,True,True,False,False,1,3,940,18,3
False,True,True,True,False,1,1,97,35,0
False,True,True,False,False,2,2,597,42,2
True,False,True,False,False,0,4,87,19,3
False,True,True,True,False,3,5,935,33,2
True,True,True,True,False,0,2,971,49,2
False,True,False,True,False,2,3,553,47,2
True,True,False,True,False,0,2,710,49,2
True,False,True,True,False,3,3,771,47,3
False,True,True,False,False,3,2,695,36,2
False,True,True,True,False,3,4,821,38,2
True,False,True,True,False,3,4,529,7,3
False,True,True,True,False,2,1,933,14,1
False,False,False,True,False,0,3,84,23,1
True,True,False,False,False,2,1,294,30,3
True,False,True,True,False,0,2,154,35,2
False,True,True,True,True,1,4,469,4,2
True,False,True,True,False,1,4,299,27,3
True,True,True,True,False,0,5,70,33,2
True,True,True,True,False,0,1,808,4,1
False,True,True,True,False,2,1,361,34,1
False,False,True,False,False,1,3,831,8,2
True,False,False,True,True,2,5,324,19,3
False,False,True,True,False,0,3,800,3,1
False,True,False,True,False,1,5,348,11,1
False,True,True,False,False,0,3,441,38,1
True,True,True,True,False,0,3,437,10,2
False,True,True,False,False,3,2,811,3,2
True,True,True,True,False,0,1,870,38,1
False,True,True,False,False,0,3,620,9,1
False,False,True,False,False,1,3,666,17,2
True,False,True,True,False,3,1,794,16,3
False,True,True,False,False,0,1,76,28,0
True,False,True,True,False,2,2,356,45,3
True,True,True,True,True,2,4,179,50,3
False,True,True,True,True,2,1,568,36,1
False,True,False,True,False,0,3,735,46,1
False,True,False,False,True,3,3,461,29,3
False,True,False,True,False,2,1,515,3,1
True,True,True,True,False,0,5,532,18,2
True,True,True,True,True,0,3,515,41,3
True,True,True,True,False,3,2,947,36,3
True,False,True,True,False,1,4,786,36,3
False,True,True,False,False,1,2,251,43,1
False,True,True,True,False,1,2,622,9,1
False,False,True,False,False,0,4,528,35,2
True,True,True,True,True,0,2,394,39,2
False,True,False,True,False,1,2,782,10,1
False,False,True,False,False,0,3,469,15,2
True,True,True,True,False,2,4,293,34,3
True,False,True,False,False,2,3,411,3,3
True,True,True,True,False,1,4,639,43,2
True,True,True,True,False,1,3,148,12,2
False,True,True,True,False,1,3,621,32,1
True,True,True,True,False,2,2,345,32,2
False,False,True,False,False,1,5,598,19,3
True,True,True,False,False,1,2,53,37,2
False,True,True,True,False,0,4,33,36,0
True,True,True,True,False,0,3,627,30,2
True,False,True,True,False,1,3,980,11,3
False,False,True,True,False,2,3,710,16,2
False,True,True,True,True,3,2,296,45,2
True,True,True,True,False,3,4,295,7,3
False,False,True,True,False,0,1,979,45,1
True,True,True,True,False,0,3,956,35,2
False,True,True,True,True,1,3,654,14,2
True,True,True,True,False,0,5,952,10,2
False,True,False,True,False,2,2,293,41,1
True,False,True,True,False,2,5,936,11,3
False,False,True,False,False,0,3,960,47,2
False,False,True,True,True,3,2,657,34,3
False,False,True,True,False,2,2,749,29,2
False,False,True,True,False,1,2,626,40,1
False,False,True,True,False,0,1,332,15,1
True,True,True,False,False,0,4,12,16,2
False,True,True,True,False,1,3,917,45,1
False,True,True,False,False,0,5,490,9,2
False,False,True,True,False,1,3,681,13,2
True,True,True,False,False,1,3,940,36,3
True,True,True,True,False,0,2,533,28,2
True,True,True,True,False,1,1,136,32,1
False,True,True,True,False,2,3,837,0,1
True,True,True,True,True,3,5,71,30,3
True,True,True,True,False,2,5,384,24,3
False,False,False,True,False,1,3,670,22,2
True,True,True,True,False,0,1,24,19,1
False,True,True,True,False,0,2,283,12,0
True,True,True,True,False,2,2,69,6,2
True,True,True,False,True,0,3,553,13,3
True,True,False,True,False,1,3,792,43,3
False,True,False,False,False,1,2,571,37,2
True,True,True,True,False,3,4,805,33,3
False,True,True,True,True,1,2,231,19,1
True,False,False,True,False,1,1,249,16,2
True,True,True,True,False,1,4,53,17,2
False,True,True,False,True,2,4,573,13,3
False,True,False,True,False,0,2,760,7,1
False,False,True,False,False,0,2,290,24,2
False,True,True,True,False,1,1,740,30,0
False,False,True,True,False,0,1,268,35,1
False,True,True,True,False,0,3,967,43,0
False,True,False,False,False,1,2,815,22,2
True,True,True,True,False,3,5,537,2,3
True,False,True,False,False,2,2,725,9,3
True,True,True,True,False,3,5,676,31,3
True,True,True,True,False,0,5,18,32,2
False,False,False,True,True,0,2,540,16,2
False,True,True,True,False,1,5,232,19,1
True,True,False,False,True,0,3,58,40,3
True,False,True,False,False,0,5,998,6,3
True,True,False,False,False,0,5,701,17,3
True,True,False,True,True,0,4,841,25,3
True,True,True,True,False,1,3,394,48,2
True,False,True,True,False,0,1,238,4,2
False,True,True,True,False,0,3,803,28,0
False,True,True,True,True,1,3,791,39,2
False,False,True,True,True,2,3,758,24,3
False,True,True,False,False,2,1,90,11,1
False,True,True,True,True,0,1,613,50,1
False,False,True,True,False,2,3,249,36,2
True,True,True,True,False,0,2,283,26,1
False,True,True,True,True,1,3,201,29,1
True,True,True,True,False,0,5,451,21,2
False,False,False,False,True,0,5,206,30,3
False,True,True,True,False,1,5,801,15,1
False,True,False,True,True,1,3,559,11,2
True,False,True,False,False,0,4,839,50,3
False,True,True,True,False,0,3,387,4,0
False,False,True,True,False,3,4,557,2,3
False,False,False,True,False,0,2,681,22,2
True,True,True,False,False,0,4,989,50,3
False,True,True,True,False,1,4,227,28,1
False,True,False,True,False,0,1,108,18,0
False,False,True,False,False,0,2,804,13,2
False,True,True,False,False,0,1,728,7,1
True,False,True,False,True,3,2,179,35,3
True,True,True,True,False,1,2,674,27,2
False,True,True,True,False,0,4,211,17,0
True,True,False,True,False,0,1,687,31,2
False,True,True,True,False,2,3,834,43,1
False,False,True,False,False,0,1,383,44,1
True,True,True,True,False,0,3,711,41,2
True,True,True,True,False,1,1,368,0,2
False,True,False,False,False,1,4,426,45,2
False,True,True,True,False,0,2,551,18,0
True,False,True,False,False,1,3,275,49,3
False,True,False,False,False,0,3,754,41,2
True,True,False,True,False,2,3,121,49,3
True,True,True,False,False,1,3,631,8,3
True,False,False,True,False,1,2,721,18,3
False,True,False,True,False,2,1,769,50,1
False,False,False,False,True,2,2,729,20,3
True,False,True,True,False,0,3,463,4,3
True,True,True,False,False,1,3,596,0,3
True,False,True,False,False,0,3,224,27,3
True,True,True,True,False,0,5,808,21,2
True,True,True,False,True,3,2,468,0,3
False,True,True,True,False,0,5,281,5,0
False,True,True,False,True,0,2,717,48,2
True,True,True,True,True,0,3,532,43,3
False,True,True,False,False,1,1,73,14,1
False,True,False,True,False,0,3,833,48,1
True,True,True,True,False,1,2,360,46,2
True,True,True,True,False,2,1,103,8,2
True,True,True,False,False,0,2,87,15,2
False,False,True,False,False,0,3,522,12,2
False,True,True,False,False,1,1,512,40,1
True,True,False,False,False,0,5,583,26,3
False,True,True,True,False,0,3,15,16,0
True,True,True,False,False,1,3,426,27,3
False,True,True,True,False,0,3,209,9,0
False,True,True,False,False,0,4,748,15,1
True,True,False,True,False,0,4,674,47,3
True,True,True,False,True,3,3,802,46,3
False,True,True,False,False,2,4,31,21,2
False,True,True,False,False,0,3,369,3,1
False,False,True,True,False,2,4,119,14,2
True,True,False,True,False,0,2,954,2,2
False,True,True,False,False,2,3,123,32,2
True,True,False,False,False,0,3,290,49,3
False,True,True,True,True,1,2,638,15,1
False,True,False,False,False,2,3,816,15,3
True,True,True,True,False,2,5,974,21,3
True,False,True,False,False,0,5,430,31,3
True,False,True,True,True,0,4,423,44,3
False,True,True,True,False,1,3,607,36,1
True,True,False,True,False,0,4,718,47,3
False,True,True,True,True,2,3,160,6,2
True,True,True,True,False,2,3,475,16,3
True,True,False,True,False,1,2,878,20,2
True,True,True,True,False,1,2,179,1,2
False,False,True,True,True,0,4,125,0,2
True,False,False,True,False,0,3,661,5,3
False,False,True,False,True,1,4,95,21,3
True,True,True,True,False,2,3,31,24,2
False,True,True,True,False,2,1,635,39,1
True,True,True,False,False,0,3,430,12,3
True,True,False,False,False,2,3,558,50,3
False,True,True,True,False,0,3,31,49,0
False,True,False,True,False,3,5,103,15,3
True,True,False,False,True,3,2,867,24,3
False,False,False,True,True,0,4,368,37,3
True,False,True,True,True,3,4,830,31,3
False,True,True,True,False,0,3,340,39,0
True,False,True,True,False,2,1,152,37,2
True,False,False,False,False,0,5,406,37,3
True,True,True,False,False,1,3,499,41,3
False,True,False,False,False,2,2,604,11,2
False,True,True,True,False,3,5,401,49,2
True,True,True,False,False,1,1,509,9,2
False,False,True,False,True,2,1,726,42,2
False,True,True,True,True,0,1,2,3,0
False,True,True,True,False,2,3,385,6,1
False,False,True,False,True,1,4,35,18,3
True,True,False,True,True,0,4,561,5,3
False,True,True,True,True,3,2,912,27,2
True,True,True,False,False,1,5,554,16,3
False,True,True,True,False,1,1,4,27,0
True,True,True,True,True,0,2,299,5,2
False,False,True,True,False,1,1,558,24,1
True,True,True,True,True,1,2,858,17,2
True,True,True,True,False,2,3,775,37,3
True,True,False,False,False,1,5,487,36,3
True,True,True,False,False,1,5,820,36,3
True,True,False,True,False,3,4,130,2,3
False,True,True,True,False,0,3,328,46,0
True,True,True,True,False,1,5,13,50,2
False,True,True,True,False,3,1,109,36,1
True,False,False,False,False,0,4,586,38,3
False,True,True,True,False,1,1,911,21,0
True,True,True,True,False,0,4,319,17,2
False,False,True,False,True,0,4,793,20,3
False,False,True,True,False,3,3,497,48,3
False,False,True,True,False,1,1,872,33,1
True,True,False,True,True,0,1,370,45,2
True,True,False,True,False,0,1,382,31,2
False,True,False,True,False,0,5,767,44,1
True,True,True,True,False,3,5,663,14,3
True,True,True,True,False,2,1,934,8,2
True,True,True,True,False,0,5,659,17,2
False,False,False,True,True,0,3,639,25,3
True,True,False,False,False,1,3,290,19,3
True,True,True,True,False,0,4,976,41,2
False,True,True,True,True,2,4,414,42,2
False,True,True,False,False,0,3,398,47,1
True,True,False,False,False,2,4,654,50,3
False,False,True,True,False,2,5,186,18,3
True,True,True,False,False,3,5,922,21,3
True,True,True,False,False,2,3,600,18,3
False,False,True,False,False,3,1,911,12,2
True,False,True,True,True,2,1,206,21,3
False,False,False,False,True,2,2,83,31,3
False,True,True,True,True,0,4,173,36,1
True,True,False,True,False,1,3,989,30,3
False,True,True,False,False,2,4,544,12,2
True,True,True,True,False,0,1,393,32,1
False,True,False,True,False,2,3,346,27,2
True,True,False,True,True,3,5,414,1,3
True,True,False,True,True,1,1,729,41,2
True,True,True,False,False,1,1,111,41,2
True,True,True,True,True,0,4,211,44,3
True,True,True,False,False,1,1,851,6,2
True,True,False,True,False,2,4,997,12,3
False,False,True,True,False,0,5,339,15,1
True,True,True,True,False,1,5,799,32,3
True,False,True,True,True,3,2,476,3,3
True,False,False,False,False,1,3,119,6,3
True,True,True,True,False,2,5,275,46,3
True,True,True,True,False,1,4,707,30,2
False,True,False,True,False,0,5,164,6,1
False,False,True,True,False,1,4,627,1,2
True,True,True,False,False,0,4,13,45,2
True,False,True,True,False,2,1,678,46,2
True,True,True,True,True,2,5,628,3,3
True,True,True,False,False,2,1,504,20,2
True,True,True,True,False,0,4,81,29,2
False,False,True,False,False,0,3,670,1,2
True,True,True,True,False,2,5,653,19,3
True,True,True,True,False,2,4,340,35,3
False,False,True,True,True,1,1,364,40,1
False,True,True,True,False,1,4,761,46,1
False,True,True,True,False,0,3,801,12,0
False,True,True,False,False,1,4,462,29,2
True,False,True,False,False,1,3,947,32,3
True,True,True,False,True,1,3,330,32,3
False,True,True,False,True,0,2,302,28,1
True,True,True,False,False,2,3,322,45,3
True,True,True,True,False,1,5,666,11,3
False,False,False,True,False,3,4,691,47,3
False,False,True,True,True,0,1,58,12,1
False,False,True,True,False,2,4,303,13,2
True,True,True,True,False,1,2,663,35,2
False,True,False,False,False,1,5,397,26,3
False,False,True,False,True,2,5,454,14,3
False,False,True,True,False,3,2,182,43,2
True,True,True,True,False,1,3,134,10,2
False,True,True,False,True,3,3,793,40,3
False,True,True,True,False,0,2,189,33,0
True,False,True,True,False,0,5,680,21,3
False,True,True,False,False,3,4,665,0,3
True,True,True,False,False,1,5,699,20,3
False,False,False,True,False,0,5,842,49,2
False,True,True,True,False,1,2,85,6,0
True,False,False,True,False,0,3,219,43,3
False,False,True,False,False,2,3,837,4,3
True,True,True,True,True,0,2,73,36,2
True,False,True,True,False,0,3,122,34,2
True,True,True,False,False,2,1,951,32,2
True,True,True,True,False,3,3,842,42,3
True,True,True,True,False,2,3,984,40,3
True,True,False,False,False,1,5,12,35,3
True,True,True,True,False,3,2,767,47,3
False,True,False,False,True,0,3,259,12,2
True,True,False,False,False,3,5,473,41,3
True,True,True,True,False,1,2,132,42,2
True,True,True,False,False,1,3,314,44,3
True,True,True,True,False,0,2,227,45,1
False,True,True,False,False,1,3,794,19,2
False,True,True,True,False,2,1,552,12,1
False,False,True,False,False,2,3,833,37,3
False,False,True,True,False,2,3,670,49,2
True,True,True,False,False,0,3,523,5,3
False,True,True,True,False,3,4,776,32,2
True,True,True,False,False,3,4,496,22,3
True,True,True,True,False,0,2,930,50,2
False,True,False,False,True,1,1,992,33,2
False,False,True,True,True,1,3,670,4,2
False,True,False,True,False,2,3,494,38,2
True,True,True,True,True,1,2,192,10,2
False,True,False,False,False,0,1,692,30,1
False,True,True,False,True,0,3,165,8,1
True,False,True,True,False,1,3,993,36,3
True,False,True,False,False,0,3,483,30,3
True,True,True,True,False,2,3,524,16,3
True,False,True,True,False,0,3,112,1,2
True,True,False,False,False,1,2,924,39,3
True,False,True,False,True,1,5,553,0,3
False,True,True,True,False,0,4,809,49,0
False,True,False,False,False,1,3,261,30,2
True,False,True,True,False,0,1,762,50,2
True,True,True,True,False,1,2,371,6,2
True,True,True,True,False,1,3,697,25,2
True,True,False,True,False,1,2,315,36,2
False,False,True,True,False,0,2,802,44,1
True,True,True,False,False,1,4,54,10,3
False,False,True,True,True,3,3,66,16,3
True,True,True,False,False,1,4,294,45,3
True,False,False,True,False,0,4,824,33,3
False,True,False,True,False,1,4,369,15,2
True,False,True,True,False,1,3,206,33,3
True,False,True,True,False,2,5,357,22,3
False,True,False,True,False,0,2,519,6,1
True,True,True,True,False,0,3,813,36,2
False,True,False,True,False,2,5,470,43,2
False,False,False,True,False,0,4,226,43,2
True,False,True,True,False,2,2,295,5,3
False,True,False,True,False,1,3,916,36,1
False,True,True,False,True,2,2,248,16,2
True,True,False,False,False,2,1,81,43,2
False,True,False,True,True,1,3,505,36,2
False,True,False,False,False,0,3,56,33,1
False,True,True,True,False,1,2,1000,7,1
False,True,True,False,False,0,3,883,16,1
True,True,True,True,False,0,3,216,26,2
False,True,True,True,False,3,4,834,6,2
False,False,True,False,True,2,4,485,0,3
True,True,True,False,False,1,2,499,19,2
False,True,True,True,False,0,4,488,40,0
True,True,True,True,False,3,2,21,26,2
True,True,True,True,False,1,3,800,18,2
False,True,True,False,False,0,3,475,40,1
True,False,True,False,False,1,3,929,4,3
True,True,True,True,False,0,3,278,28,2
False,False,True,True,True,2,1,241,42,2
False,False,True,True,True,0,1,900,30,1
True,True,True,False,True,0,2,671,24,3
False,True,True,True,True,1,2,36,42,1
False,False,True,True,False,1,2,456,8,1
True,True,True,False,False,1,3,547,19,3
False,True,True,True,False,1,2,11,0,0
True,True,True,True,False,3,3,10,49,3
False,False,True,False,False,0,5,448,25,3
True,True,True,True,False,0,3,246,33,2
False,True,True,False,False,2,2,297,7,2
False,True,True,True,True,0,1,548,1,1
True,False,True,True,False,0,1,16,31,2
True,True,True,False,False,1,4,339,5,3
True,True,False,True,False,0,4,837,24,3
True,True,False,True,False,1,4,35,12,2
False,False,True,False,True,0,5,959,20,3
True,True,True,False,False,0,3,204,23,2
True,False,True,True,False,0,2,283,37,2
True,True,True,False,False,1,4,159,23,3
True,True,True,False,False,3,4,62,3,3
False,True,True,False,True,0,5,808,41,2
False,False,True,True,False,0,1,921,2,1
False,False,True,True,False,1,3,332,46,1
False,True,False,False,False,0,2,303,16,1
False,True,False,True,False,2,3,373,49,2
True,True,True,False,False,0,4,785,35,3
True,True,True,True,True,1,1,856,8,2
True,False,True,True,True,1,4,674,31,3
False,True,True,False,True,3,4,951,5,3
False,False,True,True,False,1,3,726,3,2
False,True,True,False,True,0,3,104,46,1
True,True,True,True,True,1,2,768,35,2
False,False,False,True,False,2,3,107,10,2
True,True,True,False,False,1,5,925,20,3
False,False,True,True,False,0,2,559,13,1
False,False,False,True,False,1,3,744,2,2
False,True,True,False,False,0,2,877,20,1
True,False,False,False,False,1,3,586,9,3
True,True,True,True,False,1,2,831,19,2
True,True,True,True,True,0,3,500,44,3
True,True,True,False,False,0,1,790,21,2
False,False,True,False,True,2,4,870,38,3
True,True,True,True,False,0,3,335,32,2
True,True,True,False,False,2,3,93,14,3
False,True,True,True,True,1,1,409,16,1
True,True,True,False,False,1,2,405,41,2
True,True,False,True,True,0,3,702,36,3
True,True,True,True,True,0,4,789,19,3
True,False,True,False,False,0,1,838,14,2
True,True,True,False,True,2,2,636,9,3
False,True,True,True,False,0,2,551,13,0
True,True,False,True,False,3,4,685,1,3
False,True,True,True,True,0,4,633,17,1
True,True,False,True,False,1,5,369,6,3
True,True,False,True,False,1,4,926,20,3
False,False,True,True,False,1,5,23,2,2
True,False,True,True,False,0,4,364,40,3
False,True,False,True,False,1,5,912,1,2
False,True,True,True,True,2,3,695,39,2
True,True,True,True,False,1,3,135,13,2
True,True,True,True,True,1,5,932,8,3
False,False,False,True,False,3,2,571,34,3
True,True,False,True,True,0,5,985,26,3
False,True,False,False,False,0,4,110,8,1
True,True,False,True,False,1,3,237,43,2
True,True,True,True,False,1,4,383,11,2
False,True,True,True,True,2,1,277,26,1
True,False,False,False,True,3,5,888,39,3
False,True,False,False,False,2,3,845,24,3
False,True,False,True,False,1,4,40,33,1
True,True,False,True,False,1,3,753,2,3
False,True,True,True,False,0,2,848,18,0
False,True,True,False,False,3,3,662,28,3
True,False,True,False,False,1,1,424,20,3
False,True,True,False,False,2,1,332,44,1
True,False,True,True,False,0,3,394,46,3
True,True,True,False,False,1,4,154,10,3
True,True,True,True,False,2,3,642,11,3
True,False,False,True,False,0,3,511,34,3
True,True,True,True,False,1,3,616,38,2
True,True,True,True,False,2,1,152,3,2
False,True,False,False,False,0,5,51,6,2
False,False,True,True,False,1,3,576,11,2
False,False,True,True,False,0,5,840,4,2
False,False,True,True,True,2,2,424,33,2
True,True,True,True,False,1,5,496,46,3
False,True,False,True,False,1,5,630,36,2
False,True,True,True,True,1,4,199,0,1
True,True,True,True,False,2,5,424,2,3
False,True,False,True,False,1,2,70,19,1
False,True,True,True,False,0,4,631,1,0
True,True,False,False,False,1,1,140,30,2
True,True,False,True,False,2,3,761,3,3
False,True,True,True,True,1,2,939,50,1
False,True,True,False,False,0,3,170,36,1
False,True,True,False,False,2,4,279,26,2
True,True,True,True,False,0,2,115,23,1
True,False,False,True,True,1,3,195,21,3
False,False,True,False,True,2,4,961,33,3
True,True,True,True,False,0,2,46,43,1
True,True,False,True,False,2,1,777,19,2
True,True,True,True,False,1,1,153,10,1
False,True,False,True,True,1,3,278,9,2
False,True,True,True,False,1,1,30,30,0
True,True,True,True,True,1,3,857,44,3
False,True,True,False,False,1,3,998,48,2
False,True,True,False,False,0,2,660,45,1
False,True,False,True,False,0,3,188,44,1
False,False,False,True,True,1,3,473,10,3
False,False,True,True,True,2,4,334,35,3
True,False,True,True,False,1,3,998,30,3
False,True,True,False,False,3,3,351,34,2
True,True,True,False,False,2,1,611,29,2
False,True,False,True,False,0,1,834,38,1
False,True,True,True,True,0,3,774,40,1
True,False,True,True,False,1,3,211,43,3
False,True,False,False,False,3,4,938,22,3
True,True,True,True,False,2,1,923,35,2
True,True,True,False,True,0,1,443,44,2
False,True,True,True,False,0,2,143,12,0
False,False,True,True,False,2,1,12,4,1
True,True,False,False,False,0,1,826,26,2
False,False,True,False,False,1,3,840,28,2
False,True,True,True,False,2,2,514,17,1
False,False,True,True,True,1,3,595,30,2
True,True,True,False,False,2,3,81,33,3
True,True,True,False,False,1,3,594,19,3
True,False,True,True,False,3,3,340,26,3
False,False,False,True,True,3,4,745,50,3
False,True,True,True,True,3,4,640,1,3
False,True,True,True,False,0,3,282,16,0
True,False,True,False,False,1,3,180,16,3
True,True,False,False,False,0,1,957,9,2
False,False,True,True,False,2,2,592,46,2
False,True,True,False,True,1,3,488,47,2
True,True,True,True,True,2,1,950,28,2
False,True,False,False,True,3,3,980,27,3
False,True,True,True,False,0,4,768,15,0
True,True,True,False,False,0,1,70,0,1
False,True,True,True,True,0,2,25,39,0
True,True,True,False,True,1,1,981,7,2
True,False,True,False,False,1,5,918,7,3
True,True,True,False,False,3,2,438,44,3
False,True,False,True,True,0,5,265,16,2
True,True,True,False,False,0,3,148,34,2
False,True,True,False,False,0,1,586,46,1
False,False,True,True,False,0,1,400,17,1
True,False,False,True,False,3,3,447,25,3
True,True,True,False,False,1,3,958,22,3
False,True,True,True,False,0,3,984,21,0
True,False,False,True,True,1,5,677,12,3
False,True,False,True,False,0,3,753,12,1
True,True,True,False,True,0,4,659,19,3
False,True,False,True,False,0,1,807,46,1
True,True,True,False,False,3,5,550,9,3
True,False,True,True,False,1,5,47,15,3
True,True,True,False,False,0,3,856,37,3
True,False,True,True,False,0,4,437,21,3
False,True,False,True,True,2,4,783,2,3
True,True,True,True,False,1,3,450,15,2
True,True,False,True,False,0,5,83,0,2
True,True,True,False,False,1,4,792,30,3
True,True,True,True,False,3,3,39,38,3
True,False,True,True,False,0,3,572,15,3
True,True,True,True,False,2,3,225,29,2
True,True,True,False,False,3,3,181,10,3
True,True,True,True,False,1,5,465,2,3
True,False,False,True,False,1,1,917,15,2
False,True,True,True,False,0,4,334,14,0
True,True,True,True,False,0,3,56,27,1
True,True,True,True,False,1,2,368,17,2
True,True,True,True,False,0,3,429,10,2
False,True,True,True,False,3,5,592,35,2
True,True,False,True,False,1,4,286,0,3
False,False,True,True,False,2,3,153,36,2
True,True,True,False,False,1,3,404,30,3
True,True,True,True,True,2,5,136,22,3
False,True,False,True,False,0,3,585,47,1
True,False,True,True,False,0,5,642,29,3
True,False,True,False,False,0,3,277,44,3
True,False,True,False,False,0,5,691,23,3
True,True,True,True,False,0,3,69,35,1
True,True,True,True,False,2,4,893,44,3
True,False,False,True,False,1,3,56,4,3
False,True,True,True,True,2,4,546,18,2
False,True,False,False,False,3,1,914,29,2
True,True,False,True,False,0,2,714,9,2
False,True,True,False,True,1,4,955,8,2
False,True,True,True,False,0,5,238,33,0
False,True,True,True,False,1,4,863,35,1
False,True,True,False,False,2,2,381,18,2
True,True,True,False,False,0,3,187,11,2
True,True,True,False,False,1,3,211,35,3
True,True,False,True,False,3,3,125,1,3
False,False,False,False,False,0,5,560,32,3
False,True,True,False,False,2,5,683,9,3
False,True,True,True,True,1,1,26,25,1
True,True,True,True,False,1,2,959,49,2
False,True,True,False,False,3,5,404,12,3
False,True,True,False,False,0,1,875,27,1
False,True,True,True,False,1,3,221,46,0
False,False,True,True,True,2,5,747,26,3
True,False,True,True,False,3,3,344,4,3
False,True,True,False,False,1,4,774,8,2
True,True,True,True,True,2,4,312,31,3
False,True,False,True,False,1,3,128,41,1
False,True,True,False,True,0,2,994,4,2
False,True,True,False,False,1,4,123,23,1
True,False,True,True,False,2,1,168,3,2
False,True,True,False,True,0,3,79,32,1
True,False,True,True,False,1,5,847,43,3
False,True,True,True,False,0,1,141,33,0
False,True,True,True,False,0,2,227,12,0
True,True,False,True,True,0,2,708,23,3
True,False,False,True,False,0,4,30,47,3
True,True,False,True,True,0,1,81,27,2
True,True,False,False,True,0,4,526,37,3
True,True,False,True,False,0,1,127,38,1
True,True,True,False,True,0,4,285,37,3
False,True,False,False,False,1,1,840,37,1
True,True,True,False,True,2,1,743,6,3
True,False,False,True,False,0,4,110,11,3
False,False,True,True,False,2,2,478,7,2
True,True,True,True,False,0,3,395,18,2
False,True,True,False,False,1,2,876,27,1
True,False,False,False,False,0,1,691,31,3
True,True,True,False,True,0,4,105,47,3
True,True,False,True,False,3,1,859,27,3
False,True,True,True,False,2,3,410,22,1
False,True,False,False,False,0,3,126,16,1
False,True,True,True,True,0,1,695,1,1
True,True,True,True,False,0,1,770,33,1
False,False,True,False,False,0,2,881,34,2
True,False,True,True,False,0,2,386,28,2
False,True,True,False,False,2,2,442,8,2
False,False,True,True,False,1,4,586,30,2
False,True,True,True,False,1,3,693,22,1
False,True,True,True,False,0,4,28,48,0
False,True,True,False,False,0,2,241,41,1
False,True,False,True,False,0,1,334,2,0
False,True,True,True,False,0,3,23,20,0
False,True,True,True,False,1,2,509,32,1
False,True,True,False,True,1,5,78,34,2
True,True,True,False,False,0,4,95,45,2
True,True,True,True,False,1,2,79,41,1
False,True,True,False,False,1,2,528,29,1
True,False,True,True,True,1,4,844,47,3
False,True,True,False,False,3,5,745,40,3
True,True,True,True,True,1,2,446,26,2
False,False,False,True,False,0,2,165,16,1
True,True,True,True,True,2,3,574,27,3
False,True,True,True,True,0,4,675,35,1
True,True,True,False,False,0,5,322,38,3
False,False,False,True,False,1,1,966,46,2
True,True,True,True,True,1,3,794,33,3
False,True,True,True,False,0,4,755,24,0
True,False,True,True,True,0,3,884,37,3
True,True,True,False,False,1,4,987,17,3
True,True,True,False,True,3,3,862,47,3
True,True,False,True,False,0,5,372,43,3
True,True,True,True,True,3,5,940,16,3
False,True,False,True,True,2,5,647,20,3
False,False,True,True,False,1,4,949,21,2
False,False,False,False,False,1,3,617,46,3
False,True,True,True,False,1,4,140,0,0
False,True,True,True,True,0,4,787,41,1
True,False,True,False,False,1,4,267,11,3
False,False,True,True,True,2,5,906,36,3
True,True,True,True,False,0,1,474,12,1
False,False,True,True,False,0,1,377,10,1
True,True,True,False,False,2,3,230,45,3
True,True,False,False,False,1,1,877,13,2
True,False,True,False,False,1,1,298,16,2
True,True,False,True,False,1,1,137,20,2
False,True,True,False,False,0,1,61,3,0
False,False,True,True,False,1,4,727,47,2
True,True,True,True,False,1,1,914,35,2
True,True,True,True,False,2,1,325,45,2
False,True,True,True,True,2,4,766,23,2
False,True,False,True,False,0,2,915,10,1
False,False,True,False,False,3,3,451,3,3
True,True,True,True,False,2,3,917,31,3
True,True,False,True,False,0,4,152,7,2
False,True,False,True,True,1,2,913,42,2
True,True,False,True,False,1,1,787,31,2
True,False,True,False,False,0,3,975,6,3
False,True,True,False,False,1,5,609,42,2
True,True,True,True,False,3,5,929,36,3
True,True,True,True,False,0,1,975,38,1
False,True,True,True,False,0,1,214,10,0
False,False,True,False,False,0,3,443,47,2
False,False,True,True,True,0,2,457,24,2
False,True,True,True,False,0,2,646,27,0
True,True,True,True,True,1,2,508,33,2
True,True,True,False,False,0,1,925,19,2
True,True,True,True,True,0,1,436,26,2
True,True,True,False,False,1,4,17,7,3
False,True,True,True,True,2,2,602,46,2
False,False,True,False,False,3,4,217,11,3
True,False,True,False,True,1,1,120,0,3
True,True,True,True,False,2,4,311,39,3
False,True,False,False,False,0,1,196,7,1
True,True,True,True,False,0,2,863,40,2
True,True,False,True,False,0,5,757,44,3
False,False,True,False,False,0,3,854,25,2
True,True,True,False,False,1,3,593,38,3
False,True,True,True,False,3,5,889,31,2
True,False,True,True,False,0,5,428,30,3
True,True,False,True,False,0,2,197,30,2
False,True,True,True,False,3,5,733,42,2
False,True,True,False,False,2,4,753,23,2
False,False,False,True,False,2,4,133,11,3
True,True,True,False,False,1,2,571,3,2
True,True,True,False,True,2,3,827,4,3
False,True,True,True,True,0,2,364,49,1
True,False,True,False,False,2,3,107,45,3
True,False,True,True,False,0,1,626,39,2
True,False,True,True,False,2,5,161,46,3
False,False,False,True,False,0,3,839,8,2
True,False,True,True,False,0,4,350,18,3
True,True,True,False,False,1,2,772,33,2
False,False,True,True,False,2,5,529,50,3
False,False,True,False,False,1,1,347,20,1
False,False,True,True,False,1,3,925,36,2
True,False,False,False,False,3,3,908,43,3
False,False,True,True,False,3,3,151,44,2
False,True,True,True,False,1,4,909,50,1
False,False,False,True,False,0,4,901,8,2
False,True,True,True,False,1,1,912,50,0
False,True,False,False,False,0,1,382,16,1
False,True,False,False,False,1,1,348,15,1
True,True,True,False,False,1,4,533,47,3
True,True,True,True,False,1,1,436,26,2
True,True,True,True,True,0,4,413,37,3
False,False,True,True,False,1,5,750,26,2
True,True,True,False,True,2,5,121,44,3
True,True,True,True,False,3,1,873,26,2
True,True,True,True,True,0,5,311,18,3
False,True,True,False,False,3,2,291,13,2
True,False,True,True,False,2,3,587,19,3
False,False,False,True,False,1,4,517,40,2
False,False,True,True,False,0,3,639,26,1
False,True,True,True,False,2,4,662,5,2
True,False,True,False,False,1,1,573,5,3
True,False,True,False,False,1,4,515,1,3
True,True,True,False,False,0,4,860,37,3
False,True,True,True,False,1,5,349,27,1
True,True,False,True,False,0,1,173,18,1
True,True,False,True,False,1,1,985,20,2
True,True,True,True,False,1,2,385,7,2
True,True,False,True,False,2,3,118,17,3
True,True,True,True,True,1,5,20,17,3
True,True,True,False,False,1,1,652,32,2
True,False,True,True,True,0,5,985,35,3
False,True,False,False,False,1,2,62,30,1
False,True,False,True,False,1,3,523,18,1
True,True,True,True,True,1,4,743,35,3
False,False,True,True,False,2,5,651,16,3
False,True,True,True,True,3,2,936,44,2
True,True,True,True,False,1,3,917,44,2
False,False,True,False,False,0,1,853,42,1
False,True,True,False,False,0,2,787,44,1
True,True,True,True,True,2,4,697,45,3
False,True,False,True,False,0,5,991,23,1
True,True,False,False,True,0,4,406,7,3
False,True,True,True,False,1,4,579,11,1
True,True,True,True,False,2,5,747,50,3
False,True,True,False,False,1,2,574,29,1
True,False,True,False,True,3,3,417,17,3
True,True,True,True,False,2,2,285,26,2
False,True,True,True,False,2,5,232,44,1
False,False,False,True,False,0,3,29,30,1
False,False,True,True,False,0,1,245,21,1
True,False,True,True,True,1,3,98,40,3
False,True,True,True,True,0,4,67,50,1
True,True,False,True,False,1,1,58,35,2
True,True,True,True,False,0,3,676,39,2
True,True,True,True,False,0,4,692,50,2
True,True,True,True,True,1,1,809,12,2
True,True,True,True,False,1,2,817,2,2
True,True,True,True,False,0,3,555,49,2
True,True,True,True,False,0,3,695,9,2
True,True,False,True,True,0,5,656,12,3
True,True,True,False,False,1,2,593,36,2
False,True,True,True,False,2,1,225,0,1
True,True,True,True,False,2,4,827,47,3
False,True,True,False,False,0,1,118,9,0
False,True,True,False,False,3,2,291,11,2
True,False,True,True,False,0,1,864,16,2
True,True,True,True,False,0,5,313,29,2
True,True,True,True,False,2,3,445,45,3
True,True,False,True,True,1,4,326,38,3
False,False,True,True,False,0,3,809,9,1
False,True,True,True,True,1,3,501,13,2
True,False,False,True,True,0,5,770,32,3
False,True,True,True,False,1,4,507,30,1
False,True,True,False,False,0,5,463,15,2
False,True,True,True,True,2,2,87,8,1
True,True,True,True,True,1,2,462,29,2
False,True,False,True,False,0,2,661,4,1
False,False,True,True,False,0,2,234,6,1
True,True,True,True,True,0,2,836,49,2
False,True,True,True,False,2,3,268,0,1
False,True,True,False,False,2,4,13,30,2
True,False,True,False,True,0,3,566,48,3
False,False,True,False,False,0,4,715,26,2
True,True,False,True,True,2,2,756,0,3
False,False,False,True,False,1,3,798,44,2
False,True,True,False,False,0,5,339,36,1
False,False,True,True,False,0,1,584,28,1
False,True,True,True,True,1,3,192,12,1
True,False,True,True,False,1,3,378,33,3
True,True,False,True,True,0,3,490,47,3
True,True,False,True,False,0,4,681,30,3
True,True,False,True,False,1,2,8,9,2
False,True,True,False,False,3,5,472,29,3
True,False,True,False,False,2,4,305,25,3
True,True,True,True,False,0,4,716,36,2
True,True,False,True,False,0,3,299,42,2
True,True,True,True,False,3,3,378,4,3
True,True,False,True,True,0,1,28,4,2
False,True,True,False,False,0,1,940,8,1
False,True,True,True,True,1,4,449,8,2
False,False,False,True,True,0,2,548,47,2
False,True,True,True,False,1,2,732,2,1
True,True,True,True,False,1,4,106,24,2
False,True,True,True,False,0,2,931,15,0
True,True,True,False,False,0,4,226,6,3
True,False,True,True,False,0,3,640,13,3
False,False,True,True,False,0,3,324,0,1
False,True,True,False,False,1,1,907,13,1
False,True,True,False,True,1,5,871,36,3
True,True,True,True,False,0,5,790,44,2
True,True,True,False,False,2,3,344,1,3
False,True,True,True,False,3,2,632,48,2
True,True,True,False,False,0,3,304,12,2
True,True,True,True,False,3,3,899,21,3
True,True,True,False,False,3,3,296,48,3
True,True,True,True,True,0,5,255,43,3
True,True,True,True,False,0,5,72,12,2
True,True,True,True,True,1,4,955,13,3
True,True,True,True,True,0,3,621,15,3
False,True,True,True,False,2,1,996,23,1
False,True,True,True,False,1,2,977,50,1
False,True,True,False,False,3,3,157,35,2
True,True,True,True,False,1,1,140,45,1
False,True,False,True,False,2,3,415,26,2
False,False,True,True,False,1,3,40,7,1
False,False,True,False,False,2,4,357,32,3
False,True,True,True,False,1,2,490,2,1
False,True,True,False,False,0,3,698,9,1
False,True,True,False,True,0,1,729,24,1
False,False,False,True,False,2,2,438,16,2
False,True,True,False,False,2,4,947,46,2
True,True,True,False,False,0,2,767,25,2
False,True,True,True,True,2,3,427,41,2
False,False,True,True,False,0,2,972,7,1
False,True,True,True,False,2,2,924,26,1
False,True,True,False,True,0,3,284,4,2
False,True,True,True,False,0,2,979,0,0
True,True,True,True,False,3,4,955,31,3
False,False,True,True,False,0,2,246,23,1
False,True,True,True,False,0,3,716,25,0
True,True,True,True,False,2,2,463,39,2
False,True,True,True,False,3,2,649,23,2
True,False,True,False,True,1,4,814,5,3
False,True,False,False,False,2,5,752,24,3
False,True,True,False,False,2,4,33,8,2
False,False,True,False,False,2,2,457,7,2
False,True,True,True,False,1,1,446,45,0
True,True,False,False,False,0,2,488,42,3
True,True,False,True,False,2,2,230,36,2
True,True,True,False,False,0,3,576,27,3
True,True,True,True,True,2,5,763,7,3
False,True,True,True,False,0,3,195,24,0
False,True,True,False,False,1,3,228,6,1
False,True,False,True,False,0,2,697,29,1
True,True,True,False,False,2,3,317,32,3
True,True,False,True,False,0,2,990,24,2
True,False,True,False,True,2,4,718,47,3
True,False,False,False,False,0,4,935,10,3
True,True,True,False,False,2,3,541,46,3
False,True,False,False,False,0,2,811,37,1
True,False,True,True,True,0,4,299,9,3
True,True,True,False,True,2,3,695,50,3
True,True,False,False,True,0,3,486,11,3
True,True,True,True,False,0,4,251,2,2
True,True,True,False,False,1,3,709,50,3
True,False,False,False,False,1,3,123,7,3
True,True,True,False,True,1,5,492,17,3
True,False,True,True,False,1,3,102,20,3
True,False,False,True,False,2,3,838,34,3
False,True,False,True,False,1,4,213,42,1
True,True,True,True,False,2,1,132,36,2
True,True,True,True,False,0,1,306,23,1
True,True,False,True,False,3,3,802,18,3
False,True,True,True,False,3,3,523,13,2
True,True,True,True,True,2,2,138,38,2
True,True,True,False,False,1,2,666,10,2
False,True,False,False,False,0,2,645,46,1
False,False,True,True,False,1,4,620,10,2
False,False,True,False,False,3,2,277,7,3
True,True,True,True,True,3,4,150,14,3
False,True,True,False,False,0,5,180,33,1
False,True,False,True,False,1,2,278,38,1
True,False,True,False,False,0,4,992,50,3
False,True,True,True,False,0,1,388,36,0
False,True,True,False,False,0,3,724,29,1
True,True,True,True,False,3,3,736,14,3
False,True,True,True,False,2,3,79,46,1
True,False,True,True,False,1,3,896,0,3
False,True,False,True,False,1,4,546,44,2
True,True,True,False,False,2,4,768,22,3
True,False,True,False,False,3,4,44,38,3
False,False,True,False,False,0,1,860,8,1
False,False,True,True,False,0,5,256,34,1
True,True,True,True,True,1,3,946,19,3
True,False,False,False,True,0,3,306,22,3
True,True,False,True,False,0,3,87,33,2
True,True,False,True,False,0,3,384,19,2
False,True,True,False,True,1,4,166,8,2
False,False,True,False,False,0,2,137,25,1
False,False,False,True,True,1,4,273,7,3
False,True,True,False,True,2,4,410,32,3
False,True,False,False,True,0,1,701,15,2
True,True,True,False,False,1,2,498,5,2
False,True,True,True,True,2,5,718,15,3
False,True,True,False,False,1,2,876,37,1
True,True,True,True,False,3,3,632,12,3
True,False,True,True,False,3,2,437,30,3
True,True,True,True,False,0,3,429,15,2
False,False,True,True,False,0,2,287,38,1
True,True,True,True,False,0,4,700,35,2
True,True,True,True,False,1,3,666,17,2
True,True,True,True,False,1,1,992,41,2
True,True,True,True,False,1,2,486,48,2
True,True,True,True,False,2,5,778,35,3
False,False,True,False,False,0,3,954,32,2
True,True,True,False,False,3,1,996,44,3
True,False,True,False,False,3,2,769,32,3
False,True,True,True,True,0,3,607,44,1
True,False,False,True,False,1,2,226,18,3
False,True,True,True,True,0,1,905,17,1
True,True,False,True,True,2,3,2,41,3
False,True,False,True,False,2,2,137,26,1
False,True,True,False,False,0,5,181,16,1
True,True,False,False,False,0,4,392,41,3
False,False,True,True,False,0,2,596,40,1
False,True,True,False,False,3,1,186,29,2
True,False,True,True,False,0,2,318,10,2
True,False,True,True,True,1,3,661,25,3
True,False,True,False,True,0,3,113,0,3
True,True,False,True,False,1,4,10,50,2
True,True,False,False,True,0,4,914,28,3
True,True,True,True,False,0,3,22,2,1
True,True,True,False,False,0,2,233,27,2
False,True,True,True,False,0,5,843,7,0
False,True,True,True,False,0,3,122,23,0
True,False,True,True,False,1,4,154,42,3
False,True,True,False,False,1,3,272,45,1
True,False,False,False,False,0,1,458,46,3
False,False,True,True,False,0,2,131,11,1
False,True,True,True,False,1,3,142,41,0
True,True,True,True,False,1,2,86,37,1
False,True,False,False,True,0,3,209,1,2
False,True,False,False,True,0,4,888,49,3
True,True,True,False,False,3,2,848,14,3
True,False,True,False,True,2,4,435,23,3
True,False,True,True,False,2,1,375,9,2
True,True,True,False,False,2,3,144,47,3
False,True,True,True,False,0,1,62,41,0
True,True,True,True,False,1,5,466,35,3
False,False,True,False,False,0,5,535,24,3
True,False,True,True,False,2,5,620,4,3
False,True,True,True,False,0,3,435,12,0
False,True,True,True,False,0,2,555,6,0
True,True,True,False,True,0,5,247,17,3
True,False,True,True,False,0,2,967,19,2
True,False,False,False,False,0,3,365,8,3
True,True,False,True,False,2,1,816,24,2
False,True,False,True,True,1,5,96,45,2
True,False,False,False,False,0,5,529,46,3
False,True,True,True,False,3,1,730,49,1
False,True,False,True,False,1,5,100,0,1
True,False,True,False,False,2,3,466,20,3
True,False,True,True,False,0,2,791,29,2
False,False,False,False,False,3,5,996,36,3
False,True,False,True,False,3,1,376,32,2
False,True,True,True,False,2,4,636,41,2
True,False,True,False,True,2,2,163,36,3
False,False,True,False,False,0,3,548,29,2
True,True,True,False,False,2,2,337,4,3
False,True,True,True,False,0,3,559,9,0
False,True,True,True,False,2,1,828,23,1
False,False,True,True,True,2,3,259,40,3
True,True,True,True,False,2,5,538,13,3
False,True,True,False,False,3,2,204,22,2
False,True,True,False,False,1,5,585,24,2
True,True,False,True,False,1,1,681,46,2
False,True,False,False,False,0,4,691,26,2
False,True,True,True,False,0,3,993,37,0
True,True,True,True,False,2,3,222,22,2
True,False,False,True,True,2,1,919,19,3
True,True,True,True,False,0,3,536,48,2
False,True,True,True,True,1,3,391,18,2
False,True,True,False,False,0,1,858,6,1
True,True,True,True,False,2,5,103,40,3
False,True,False,False,False,0,4,565,24,2
True,True,True,True,False,3,3,841,41,3
False,True,True,True,False,2,2,859,50,1
False,True,True,False,True,0,4,861,33,2
False,True,False,False,True,3,2,660,25,3
True,False,True,True,False,3,2,926,20,3
True,True,True,False,False,1,4,864,48,3
False,False,True,True,True,0,1,789,37,1
True,True,True,False,True,0,4,134,29,3
False,True,True,True,True,2,4,827,50,2
False,False,True,True,False,1,3,594,6,2
True,True,True,True,False,2,1,507,23,2
True,True,True,True,True,3,1,704,26,3
False,False,True,True,True,0,5,676,36,3
True,True,True,True,False,1,1,535,47,2
False,False,True,True,True,1,2,888,23,2
True,False,True,True,True,1,1,281,30,2
True,False,True,True,False,2,3,525,25,3
True,True,True,False,False,3,1,813,49,3
False,True,True,False,False,1,3,279,20,1
True,True,True,True,False,1,1,172,2,1
False,True,True,False,False,3,3,31,7,2
True,False,True,True,True,0,3,149,49,3
False,True,True,True,False,1,4,921,14,1
True,True,True,True,True,0,3,905,42,3
True,True,True,False,False,2,2,51,31,2
False,True,True,True,False,1,3,243,36,0
True,True,True,False,False,3,2,862,25,3
True,False,False,True,False,0,1,822,26,2
False,True,False,True,False,0,3,403,19,1
False,True,True,False,False,3,1,230,3,2
True,True,False,False,False,0,1,742,23,2
True,False,False,True,False,0,5,77,16,3
False,True,False,True,False,3,3,123,8,2
False,False,False,False,False,1,3,126,33,2
True,True,True,False,False,2,2,271,49,3
False,False,True,False,True,1,5,712,4,3
True,False,True,True,True,2,2,108,21,3
True,False,False,True,False,3,4,672,9,3
True,False,True,True,False,2,3,799,25,3
True,True,True,False,False,1,1,473,6,2
True,True,False,True,True,1,3,272,7,3
True,True,True,True,False,0,3,379,6,2
True,True,True,True,False,1,3,543,38,2
False,True,True,True,True,0,1,917,2,1
False,True,True,True,False,1,3,403,6,1
True,False,False,True,True,2,2,295,45,3
False,False,True,True,False,1,2,929,44,1
True,True,True,True,False,1,5,683,30,3
False,True,True,True,True,1,5,609,22,2
False,True,True,True,True,2,3,298,14,2
True,False,False,True,False,0,3,360,34,3
False,True,True,True,False,0,2,531,49,0
False,True,True,False,True,3,5,676,9,3
False,True,True,False,False,0,4,199,24,1
True,False,False,False,False,1,5,540,11,3
False,False,True,True,False,3,2,196,2,2
False,False,True,False,False,2,2,113,0,2
False,False,True,False,False,0,3,167,19,2
False,True,False,True,True,0,3,55,31,1
False,True,True,False,True,0,5,805,32,2
True,False,True,True,False,1,5,298,14,3
True,True,True,False,False,1,5,101,16,3
False,True,True,True,False,2,1,787,12,1
False,True,True,True,True,1,3,559,11,2
False,False,False,True,False,1,3,702,45,2
False,True,True,True,False,0,3,981,49,0
False,True,True,False,False,1,3,636,34,2
False,True,False,True,False,1,4,531,29,2
True,True,True,False,True,1,4,580,30,3
False,False,True,True,False,2,4,529,9,2
False,True,False,True,True,1,4,960,0,2
False,True,True,True,True,2,3,254,13,2
True,True,False,True,True,0,3,189,15,3
False,False,True,False,False,1,3,190,9,2
True,True,True,True,False,0,4,983,37,2
False,True,True,True,False,1,4,152,1,0
False,True,True,True,False,1,5,635,28,1
True,False,True,True,False,1,1,163,22,2
True,True,True,True,True,1,3,737,36,3
False,True,False,True,False,1,5,70,41,1
False,True,True,False,False,3,4,539,16,3
True,True,True,True,False,2,1,31,46,2
True,True,True,True,False,0,2,791,46,2
True,True,False,False,False,3,5,64,39,3
False,True,False,True,False,1,4,946,11,2
False,True,True,True,False,1,2,503,28,1
False,True,True,True,False,2,1,25,40,0
True,True,False,False,False,1,3,74,21,3
True,True,False,False,False,0,2,848,30,3
False,True,False,False,False,1,3,895,4,2
True,True,True,True,False,0,3,24,14,1
False,False,True,False,True,2,5,77,34,3
True,False,False,True,False,0,4,114,37,3
False,False,False,False,True,1,2,910,48,3
True,True,True,False,False,1,5,242,31,3
True,False,True,True,False,2,2,73,26,3
True,False,True,True,False,0,3,231,41,2
False,True,True,False,False,0,1,793,50,1
True,True,False,False,False,1,1,785,24,2
True,True,True,True,False,2,5,377,22,3
True,True,False,True,True,0,3,771,50,3
True,False,True,False,False,0,1,185,18,2
True,True,True,False,False,0,3,674,7,3
True,True,False,True,False,2,5,880,14,3
False,False,False,False,False,1,3,274,20,3
True,True,False,False,False,0,2,141,33,2
True,True,True,True,False,2,1,241,44,2
False,True,True,True,False,0,2,394,19,0
True,True,False,True,True,0,3,230,13,3
False,True,True,True,False,1,2,27,38,0
False,False,False,False,False,2,2,850,39,3
False,False,False,False,False,2,3,976,46,3
False,False,False,True,False,1,3,167,24,2
False,False,False,True,True,2,5,88,15,3
False,True,True,True,False,1,4,830,49,1
True,True,True,True,False,0,3,451,0,2
False,True,True,True,False,1,3,82,17,0
False,False,True,True,False,0,3,233,40,1
True,True,True,True,True,0,4,882,28,3
False,True,True,True,False,0,2,695,22,0
True,True,True,True,False,1,2,334,36,2
False,False,True,True,False,0,1,622,50,1
False,True,True,False,False,3,3,165,23,2
True,True,True,True,True,0,2,733,49,2
False,False,True,True,False,0,4,665,5,2
True,False,False,True,False,1,4,552,46,3
True,False,True,True,False,1,3,276,12,3
False,False,True,False,False,0,2,996,7,2
True,True,False,True,True,1,1,371,41,2
False,True,True,True,False,2,1,551,15,1
False,True,True,True,False,0,1,419,26,0
True,True,True,False,False,2,1,124,26,2
False,False,True,True,True,2,4,25,44,3
True,False,True,False,False,3,3,412,44,3
True,False,True,False,False,1,3,740,2,3
True,False,True,True,False,1,4,297,48,3
False,False,True,False,False,2,3,156,0,2
False,True,True,True,True,2,2,792,6,2
True,True,True,True,False,1,4,437,18,2
False,True,False,False,True,3,5,749,13,3
False,True,True,True,True,0,1,281,31,0
False,True,True,False,False,1,1,238,42,1
False,True,True,False,False,0,5,983,34,2
True,True,False,True,True,3,3,750,28,3
True,False,True,True,False,2,3,443,31,3
False,True,True,True,False,3,4,763,50,2
True,False,True,True,False,1,3,796,4,3
False,False,True,True,False,1,2,572,42,1
True,False,True,True,False,2,2,201,16,3
False,True,False,False,False,0,5,974,33,2
True,True,True,True,True,0,3,270,39,2
False,True,True,True,False,3,5,861,14,2
False,True,True,True,False,1,2,225,7,0
False,True,True,True,False,0,5,677,7,0
False,True,True,False,False,2,3,422,43,2
True,True,True,True,False,1,3,331,16,2
False,True,False,True,False,0,3,225,21,1
True,True,True,True,True,0,3,971,39,3
False,True,True,False,True,0,4,342,22,2
True,True,True,True,True,0,3,881,45,3
True,True,True,True,False,1,2,14,2,1
True,False,True,True,False,0,2,25,14,2
True,True,True,False,False,1,4,898,17,3
True,True,True,False,False,0,4,555,38,3
True,True,True,True,False,2,4,436,32,3
True,True,True,True,False,1,3,440,5,2
True,False,True,True,False,1,2,18,31,2
False,False,False,False,False,1,1,790,14,2
False,True,True,True,False,2,5,98,35,1
True,True,False,True,True,1,4,536,46,3
True,True,True,True,False,2,1,706,36,2
False,False,True,True,False,1,3,983,41,2
True,True,True,True,False,3,1,108,27,2
True,True,False,True,False,0,3,996,7,2
True,False,True,True,False,0,5,429,25,3
True,True,True,True,False,1,3,630,23,2
True,True,True,True,False,2,3,258,30,2
False,True,True,False,False,3,2,733,30,2
True,True,True,True,False,0,4,205,44,2
True,True,True,True,False,0,3,573,14,2
False,True,False,True,False,2,3,314,23,2
False,False,True,True,True,1,1,222,17,1
True,True,True,False,False,2,2,791,37,3
False,False,True,True,False,0,1,238,13,1
True,False,True,True,False,0,1,994,3,2
True,True,True,False,False,1,1,574,25,2
False,False,True,True,False,0,1,620,13,1
True,False,False,False,False,1,3,808,16,3
True,True,True,True,True,0,3,687,22,3
False,True,True,False,False,0,2,766,0,1
True,True,True,True,False,0,3,260,32,2
True,True,True,True,False,0,4,260,17,2
True,False,False,False,False,3,3,503,11,3
False,False,True,True,True,0,3,731,9,2
True,False,True,True,False,0,3,64,20,2
True,False,True,False,False,2,2,689,20,3
True,False,True,False,False,3,3,858,42,3
True,True,False,True,False,0,3,283,38,2
True,True,True,True,False,3,2,575,22,3
True,True,True,False,False,1,1,93,11,2
True,True,True,False,False,2,2,384,29,3
True,False,False,True,False,3,5,766,48,3
True,True,True,True,False,1,3,856,12,2
False,False,True,True,False,0,3,593,23,1
False,False,True,False,False,0,5,600,24,3
True,True,True,False,False,2,4,213,21,3
False,True,False,True,False,0,1,675,40,1
True,True,True,True,False,1,5,331,44,3
True,True,False,True,False,0,3,103,11,2
False,True,True,True,True,2,3,590,44,2
False,False,True,True,False,1,3,411,19,2
True,False,False,False,False,1,3,793,17,3
False,True,True,True,False,1,4,537,12,1
True,True,True,False,False,0,4,821,22,3
False,True,True,False,True,0,2,190,15,1
True,True,True,True,False,2,1,164,22,2
True,True,True,False,False,1,4,724,15,3
True,True,True,False,False,0,2,691,46,2
False,True,True,True,False,3,1,907,38,1
True,False,True,True,False,1,4,937,4,3
True,True,True,True,False,0,4,436,9,2
False,True,True,True,False,3,2,408,43,2
True,True,True,False,True,2,4,13,10,3
False,True,True,False,True,1,4,433,49,2
True,True,True,True,False,2,3,382,49,3
False,False,False,False,True,0,3,778,24,3
True,True,True,False,False,0,4,746,29,3
False,True,True,True,False,0,5,703,23,0
False,True,True,False,True,0,2,428,1,2
False,True,True,True,False,0,4,255,11,0
True,True,True,True,False,2,2,470,44,2
True,False,False,False,False,1,1,335,23,3
True,True,False,True,False,0,5,81,21,2
False,True,True,False,False,1,5,857,27,2
True,False,True,False,False,1,4,711,3,3
False,True,True,False,False,1,2,514,42,1
True,True,False,False,False,1,1,425,42,2
True,True,True,False,False,0,2,727,20,2
True,True,True,False,False,1,3,337,34,3
False,True,True,True,False,2,2,875,47,1
False,True,True,False,False,0,5,991,5,2
False,True,True,True,False,0,2,323,28,0
False,True,True,True,False,1,5,24,48,0
False,True,True,True,False,0,3,871,7,0
True,True,True,True,False,2,4,753,25,3
False,True,True,False,False,2,3,681,43,2
False,True,True,True,False,2,2,947,28,1
True,False,True,True,False,0,3,177,43,2
True,True,True,False,False,1,3,142,39,2
True,True,True,False,False,0,3,484,43,3
True,False,True,True,False,0,3,198,10,2
False,True,False,True,False,3,2,301,4,2
True,True,True,True,False,3,4,997,29,3
True,False,False,False,False,0,4,72,0,3
True,True,True,True,False,0,4,981,16,2
True,False,True,False,False,1,4,62,18,3
False,False,True,True,False,3,3,451,27,3
True,True,False,False,False,2,4,376,26,3
False,True,True,True,False,0,4,470,45,0
False,False,False,True,False,0,3,265,36,2
False,True,False,True,False,0,3,372,45,1
False,True,True,True,False,2,4,159,47,1
True,True,True,True,False,0,2,311,9,1
True,True,True,False,False,1,3,175,22,2
True,True,True,True,False,3,3,892,33,3
False,True,False,True,False,0,2,230,9,0
False,True,True,True,True,1,3,654,0,2
True,False,True,True,False,3,3,278,35,3
True,False,True,True,True,0,4,707,41,3
True,True,True,True,False,0,2,761,12,2
True,False,True,True,True,0,4,489,29,3
True,True,False,True,False,0,1,86,30,1
True,True,True,True,False,0,3,927,7,2
False,False,True,False,False,1,1,773,26,2
False,True,True,True,False,3,2,889,34,2
True,True,True,True,False,0,4,187,31,2
True,True,False,True,True,0,3,312,6,3
False,True,True,False,True,0,2,315,32,1
False,True,True,True,False,1,3,159,20,0
True,True,True,True,True,1,2,529,30,2
False,False,True,False,False,2,2,149,19,2
False,False,False,True,False,1,4,6,48,2
False,True,True,True,True,1,2,839,45,1
True,True,True,True,False,0,4,334,35,2
True,False,True,True,False,0,2,741,30,2
False,False,False,False,False,3,4,256,17,3
False,True,True,True,False,1,2,484,8,1
True,True,False,True,True,0,2,205,35,2
True,True,True,True,False,1,4,707,1,2
True,False,True,False,False,0,5,927,49,3
False,False,True,True,True,0,2,995,45,2
False,True,True,True,True,1,3,499,3,2
True,False,True,True,False,0,3,818,20,3
False,True,True,True,True,0,3,116,34,1
True,False,False,True,False,1,5,770,4,3
False,False,True,False,False,0,2,187,41,2
False,True,False,False,False,2,3,301,0,2
False,True,True,True,False,0,4,335,34,0
False,True,True,False,False,2,4,591,9,2
True,False,True,True,True,1,4,799,8,3
False,False,True,True,True,0,2,435,17,2
True,False,True,True,True,2,3,855,24,3
True,True,True,False,False,1,3,211,49,3
False,True,True,False,False,1,3,167,48,1
True,True,True,True,False,0,2,93,32,1
False,True,True,False,True,0,3,985,6,2
False,True,True,True,False,1,2,719,5,1
False,False,True,False,False,2,1,868,15,2
True,True,True,True,False,2,1,822,13,2
False,True,True,True,True,3,5,760,42,3
True,True,False,False,True,0,3,383,16,3
False,True,True,True,False,2,1,418,2,1
False,False,True,True,True,0,2,430,4,2
True,False,True,True,False,1,5,829,40,3
True,True,True,False,True,1,3,629,42,3
True,True,True,False,True,0,1,965,9,2
True,True,True,False,False,1,2,257,11,2
False,True,False,False,False,1,5,779,8,3
False,True,True,True,False,0,5,395,40,0
True,False,False,True,False,2,2,407,20,3
True,True,True,True,False,2,3,463,13,3
False,True,True,True,False,2,5,346,11,1
False,True,False,False,False,0,5,782,33,2
False,True,True,True,False,0,2,469,7,0
True,True,True,False,False,1,5,85,32,3
True,True,False,False,True,2,2,18,12,3
False,True,False,True,False,0,3,553,14,1
True,True,True,True,False,1,4,770,45,2
True,True,False,True,True,0,5,411,18,3
False,False,False,False,False,0,5,1,4,3
False,False,True,True,False,1,1,774,26,1
True,True,False,False,False,3,2,806,10,3
False,True,True,False,True,3,2,915,25,3
True,False,True,False,True,0,2,336,0,3
True,True,True,False,False,0,3,842,7,3
False,True,False,False,False,2,5,42,24,3
False,True,True,True,False,1,4,777,18,1
True,True,True,False,False,2,2,871,42,3
False,False,False,True,False,2,2,742,46,2
False,False,True,True,False,0,3,14,6,1
False,True,True,True,False,0,4,726,31,0
False,True,False,False,True,0,4,659,6,3
True,True,False,True,False,3,3,404,45,3
True,True,False,False,False,1,5,833,40,3
False,True,True,True,True,3,1,943,26,2
True,False,False,True,False,0,5,255,17,3
False,False,True,False,False,2,2,572,49,2
False,False,False,False,True,1,1,361,39,2
True,True,True,False,True,1,3,655,11,3
False,True,False,True,False,1,3,164,10,1
False,True,True,True,False,1,2,574,34,1
True,True,True,True,True,1,5,415,16,3
True,False,True,True,False,0,5,835,18,3
True,True,True,False,True,0,5,27,31,3
True,False,False,True,True,1,2,13,18,3
True,False,False,True,False,1,5,197,26,3
True,False,True,True,False,3,4,724,50,3
False,False,True,True,False,3,2,366,4,2
True,True,False,False,False,1,1,940,50,2
False,True,True,False,True,0,4,1000,35,2
True,True,True,True,False,1,3,977,10,2
True,True,True,True,False,2,1,699,22,2
